Raport wyszukiwanych hasel (DANE PRZYKLADOWE, nie od realnego klienta)
Zakres dat: 2026-08-16 - 2026-09-14 (30 dni)
Wyszukiwane haslo;Koszt (PLN);Klikniecia;Konwersje;Wyswietlenia
detailing samochodowy warszawa;340,00;42;6;3100
korekta lakieru warszawa;290,50;31;4;2400
powloka ceramiczna cena;210,00;28;3;2900
detailing wnetrza auta;95,00;12;2;1100
pranie tapicerki samochodowej;120,00;16;3;1500
detailing praca;185,00;24;0;2100
kurs detailingu samochodowego;164,00;22;0;1800
jak zrobic detailing samemu;142,50;19;0;1600
detailing za darmo;58,00;9;0;700
myjnia bezdotykowa w poblizu;133,00;21;0;2600
mycie auta krok po kroku;77,00;11;0;900
detailing allegro zestaw;89,00;13;0;1200
wosk do samochodu allegro;66,00;10;0;1400
praca detailer warszawa;98,50;14;0;1000
ile zarabia detailer;44,00;7;0;600
detailing opinie forum;51,00;8;0;850
powloka ceramiczna czy warto opinie;72,00;11;0;950
detailing tanio;39,00;6;0;500
franczyza myjnia samochodowa;156,00;18;0;1300
sprzet do detailingu sklep;134,00;17;0;1600
detailing kurs online za darmo;61,00;9;0;720
najlepsza pasta polerska ranking;83,00;12;0;1050
detailing samochodowy praca warszawa;110,00;15;0;980
myjnia samochodowa na sprzedaz;74,00;10;0;640
polerka do lakieru allegro;69,00;10;0;1180
jak usunac rysy samemu;57,00;8;0;730
studio detailingu cennik;95,00;13;1;900
czyszczenie skorzanej tapicerki;88,00;12;2;1010
detailing felg;46,00;7;1;520
folia ochronna ppf cena;175,00;20;2;1900
zabezpieczenie lakieru nowego auta;130,00;15;2;1250
detailing samochodowy grodzisk mazowiecki;62,00;8;1;410
powloka ceramiczna warszawa cena;145,00;17;2;1600
mycie silnika cena;41,00;6;0;480
odswiezenie wnetrza auta cena;99,00;13;1;870
suma: konto;4923,50;632;39;51000
